details,flight_number,is_tentative,launch_date_local,launch_date_unix,launch_date_utc,launch_site.site_id,launch_site.site_name,launch_site.site_name_long,launch_success,launch_year,links.article_link,links.flickr_images,links.mission_patch,links.mission_patch_small,links.presskit,links.reddit_campaign,links.reddit_launch,links.reddit_media,links.reddit_recovery,links.video_link,links.wikipedia,mission_id,mission_name,rocket.fairings,rocket.fairings.recovered,rocket.fairings.recovery_attempt,rocket.fairings.reused,rocket.first_stage.cores.core_serial,rocket.first_stage.cores.flight,rocket.first_stage.cores.block,rocket.first_stage.cores.gridfins,rocket.first_stage.cores.legs,rocket.first_stage.cores.reused,rocket.first_stage.cores.land_success,rocket.first_stage.cores.landing_intent,rocket.first_stage.cores.landing_type,rocket.first_stage.cores.landing_vehicle,rocket.rocket_id,rocket.rocket_name,rocket.rocket_type,rocket.second_stage.block,rocket.second_stage.payloads.core_serial,rocket.second_stage.payloads.flight,rocket.second_stage.payloads.block,rocket.second_stage.payloads.gridfins,rocket.second_stage.payloads.legs,rocket.second_stage.payloads.reused,rocket.second_stage.payloads.land_success,rocket.second_stage.payloads.landing_intent,rocket.second_stage.payloads.landing_type,rocket.second_stage.payloads.landing_vehicle,static_fire_date_unix,static_fire_date_utc,telemetry.flight_club,tentative_max_precision,upcoming
SpaceX's eighteenth flight of 2018 will be its first for Es'hailSat. Es'hail-2 is a communications satellite that will deliver television and internet to Qatar and the surrounding region. It will be launched into a geostationary transfer orbit from LC-39A at Kennedy Space Center. The booster is expected to land on OCISLY.,70,True,2018-11-14T15:46:00-05:00,1542228360,2018-11-14T20:46:00.000Z,ccafs_slc_40,CCAFS SLC 40,Cape Canaveral Air Force Station Space Launch Complex 40,,2018,,[],,,,https://www.reddit.com/r/spacex/comments/9p82jt/eshail_2_launch_campaign_thread/,,,,,,[],Esâ€™hail 2,,False,False,False,,,5,True,True,False,,True,ASDS,OCISLY,falcon9,Falcon 9,FT,5.0,,,5,True,True,False,,True,ASDS,OCISLY,,,,hour,True
SpaceX's nineteenth flight of 2018 will fly SSO-A: SmallSat Express out of Vandenberg SLC-4E for Spaceflight. SSO-A is a rideshare to sun synchronus low earth orbit consisting of 74 individual microsatellites and cubesats. It is also likely to be the third flight of core B1046 which previously flew Bangabandhu-1 and Merah Putih. If this happens it will be the first time a Falcon 9 has flown more than two missions. This is expected to be a RTLS landing.,71,True,2018-11-19T10:32:00-08:00,1542652320,2018-11-19T18:32:00.000Z,vafb_slc_4e,VAFB SLC 4E,Vandenberg Air Force Base Space Launch Complex 4E,,2018,,[],,,,https://www.reddit.com/r/spacex/comments/9raysi/ssoa_launch_campaign_thread,,,,,,[],SSO-A,,,,False,B1046,3,5,True,True,True,,True,RTLS,LZ-4,falcon9,Falcon 9,FT,5.0,B1046,3,5,True,True,True,,True,RTLS,LZ-4,,,,hour,True
"SpaceX's 16th Crew Resupply Mission on behalf of NASA, with a total of 20 contracted flights. This will bring essential supplies to the International Space Station using SpaceX's reusable Dragon spacecraft. The Falcon 9 will launch from SLC-40 at Cape Canaveral Air Force Station. This launch could be affected by the recent Soyuz failure. ",72,True,2018-12-04T13:38:00-05:00,1543948680,2018-12-04T18:38:00.000Z,ccafs_slc_40,CCAFS SLC 40,Cape Canaveral Air Force Station Space Launch Complex 40,,2018,,[],,,,,,,,,,['EE86F74'],CRS-16,,,,,,,5,True,True,False,,,,,falcon9,Falcon 9,FT,5.0,,,5,True,True,False,,,,,,,,hour,True
,73,True,2018-12-15T09:24:00-05:00,1544883840,2018-12-15T14:24:00.000Z,ccafs_slc_40,CCAFS SLC 40,Cape Canaveral Air Force Station Space Launch Complex 40,,2018,,[],,,,,,,,,,[],GPS IIIA-1,,False,False,False,B1050,1,5,True,True,False,,,,,falcon9,Falcon 9,FT,5.0,B1050,1,5,True,True,False,,,,,,,,hour,True
,74,True,2018-12-30T08:38:00-08:00,1546187880,2018-12-30T16:38:00.000Z,vafb_slc_4e,VAFB SLC 4E,Vandenberg Air Force Base Space Launch Complex 4E,,2018,,[],,,,,,,,,,['F3364BF'],Iridium NEXT Mission 8,,,,False,,,5,True,True,,,,,,falcon9,Falcon 9,FT,5.0,,,5,True,True,,,,,,,,,hour,True
Demonstration mission to ISS for NASA with an uncrewed Dragon 2 capsule.,75,True,2018-12-31T19:00:00-05:00,1546300800,2019-01-01T00:00:00.000Z,ksc_lc_39a,KSC LC 39A,Kennedy Space Center Historic Launch Complex 39A,,2019,,[],,,,,,,,,,['EE86F74'],CCtCap Demo Mission 1,,,,,B1051,1,5,,,False,,,,,falcon9,Falcon 9,FT,5.0,B1051,1,5,,,False,,,,,1541030400.0,2018-11-01T00:00:00.000Z,,month,True
,76,True,2018-12-31T19:00:00-05:00,1546300800,2019-01-01T00:00:00.000Z,ccafs_slc_40,CCAFS SLC 40,Cape Canaveral Air Force Station Space Launch Complex 40,,2019,,[],,,,,,,,,,[],PSN-6 / GTO-1 / SpaceIL Moon Lander,,False,False,False,,,5,,,False,,,,,falcon9,Falcon 9,FT,5.0,,,5,,,False,,,,,,,,month,True
,77,True,2018-12-31T19:00:00-05:00,1546300800,2019-01-01T00:00:00.000Z,ksc_lc_39a,KSC LC 39A,Kennedy Space Center Historic Launch Complex 39A,,2019,,[],,,,,,,,,,[],ArabSat 6A,,,,,,,,,,,,,,,falconheavy,Falcon Heavy,FT,,,,,,,,,,,,,,,month,True
,78,True,2019-02-16T19:00:00-05:00,1550361600,2019-02-17T00:00:00.000Z,ccafs_slc_40,CCAFS SLC 40,Cape Canaveral Air Force Station Space Launch Complex 40,,2019,,[],,,,,,,,,,['EE86F74'],CRS-17,,,,False,,,,,,True,,,,,falcon9,Falcon 9,FT,,,,,,,True,,,,,,,,day,True
,79,True,2019-02-17T16:00:00-08:00,1550448000,2019-02-18T00:00:00.000Z,vafb_slc_4e,VAFB SLC 4E,Vandenberg Air Force Base Space Launch Complex 4E,,2019,,[],,,,,,,,,,[],"RADARSAT C-1, C-2, C-3",,,,False,,,,,,True,,,,,falcon9,Falcon 9,FT,,,,,,,True,,,,,,,,day,True
,80,True,2019-02-28T19:00:00-05:00,1551398400,2019-03-01T00:00:00.000Z,ksc_lc_39a,KSC LC 39A,Kennedy Space Center Historic Launch Complex 39A,,2019,,[],,,,,,,,,,[],STP-2,,,,,,,,,,,,,,,falconheavy,Falcon Heavy,FT,,,,,,,,,,,,,,,month,True
,81,True,2018-12-31T16:00:00-08:00,1546300800,2019-01-01T00:00:00.000Z,vafb_slc_4e,VAFB SLC 4E,Vandenberg Air Force Base Space Launch Complex 4E,,2019,,[],,,,,,,,,,[],SARah 1,,,,False,,,,,,,,,,,falcon9,Falcon 9,FT,,,,,,,,,,,,,,,quarter,True
,82,True,2019-05-06T20:00:00-04:00,1557187200,2019-05-07T00:00:00.000Z,ksc_lc_39a,KSC LC 39A,Kennedy Space Center Historic Launch Complex 39A,,2019,,[],,,,,,,,,,['EE86F74'],CRS-18,,,,,,,,,,True,,,,,falcon9,Falcon 9,FT,,,,,,,True,,,,,,,,day,True
,83,True,2019-04-30T20:00:00-04:00,1556668800,2019-05-01T00:00:00.000Z,ksc_lc_39a,KSC LC 39A,Kennedy Space Center Historic Launch Complex 39A,,2019,,[],,,,,,,,,,['EE86F74'],Crew Dragon In Flight Abort Test,,,,,,,,,,True,,,,,falcon9,Falcon 9,FT,,,,,,,True,,,,,,,,month,True
,84,True,2019-05-31T20:00:00-04:00,1559347200,2019-06-01T00:00:00.000Z,ksc_lc_39a,KSC LC 39A,Kennedy Space Center Historic Launch Complex 39A,,2019,,[],,,,,,,,,,['EE86F74'],CCtCap Demo Mission 2,,,,,,,5,,,False,,,,,falcon9,Falcon 9,FT,,,,5,,,False,,,,,,,,month,True
,85,True,2019-03-31T20:00:00-04:00,1554076800,2019-04-01T00:00:00.000Z,ccafs_slc_40,CCAFS SLC 40,Cape Canaveral Air Force Station Space Launch Complex 40,,2019,,[],,,,,,,,,,[],Amos-17,,False,False,False,,,,,,,,,,,falcon9,Falcon 9,FT,,,,,,,,,,,,,,,quarter,True
,86,True,2019-03-31T17:00:00-07:00,1554076800,2019-04-01T00:00:00.000Z,vafb_slc_4e,VAFB SLC 4E,Vandenberg Air Force Base Space Launch Complex 4E,,2019,,[],,,,,,,,,,[],SSO-B,,,,False,,,,,,,,,,,falcon9,Falcon 9,FT,,,,,,,,,,,,,,,quarter,True
,87,True,2018-12-31T19:00:00-05:00,1546300800,2019-01-01T00:00:00.000Z,ccafs_slc_40,CCAFS SLC 40,Cape Canaveral Air Force Station Space Launch Complex 40,,2019,,[],,,,,,,,,,[],GiSAT-1,,False,False,False,,,5.0,,,,,,,,falcon9,Falcon 9,FT,5.0,,,5.0,,,,,,,,,,,half,True
,88,True,2019-07-31T20:00:00-04:00,1564617600,2019-08-01T00:00:00.000Z,ksc_lc_39a,KSC LC 39A,Kennedy Space Center Historic Launch Complex 39A,,2019,,[],,,,,,,,,,['EE86F74'],USCV-1 (NASA Crew Flight 1),,,,,,,5,,,False,,,,,falcon9,Falcon 9,FT,5.0,,,5,,,False,,,,,,,,month,True
,89,True,2019-08-31T17:00:00-07:00,1567296000,2019-09-01T00:00:00.000Z,vafb_slc_4e,VAFB SLC 4E,Vandenberg Air Force Base Space Launch Complex 4E,,2019,,[],,,,,,,,,,[],SAOCOM 1B,,,,False,,,,,,,,,,,falcon9,Falcon 9,FT,,,,,,,,,,,,,,,month,True
,90,True,2019-09-30T20:00:00-04:00,1569888000,2019-10-01T00:00:00.000Z,ksc_lc_39a,KSC LC 39A,Kennedy Space Center Historic Launch Complex 39A,,2019,,[],,,,,,,,,,['EE86F74'],CRS-19,,,,,,,,,,True,,,,,falcon9,Falcon 9,FT,,,,,,,True,,,,,,,,month,True
,91,True,2019-09-30T20:00:00-04:00,1569888000,2019-10-01T00:00:00.000Z,ccafs_slc_40,CCAFS SLC 40,Cape Canaveral Air Force Station Space Launch Complex 40,,2019,,[],,,,,,,,,,[],GPS IIIA-3,,,,False,,,,,,False,,,,,falcon9,Falcon 9,FT,,,,,,,False,,,,,,,,month,True
